date,who_cases_monthly,google_trends_dengue_fever,google_trends_dengue_vaccine,wikipedia_total_dengue_views,wikipedia_total_dengue_views_normalized,wikipedia_mosquito_views_total
2021-01,,9,5,10782.0,3129.2189,4016.0
2021-02,,10,6,10100.0,2981.6049,5137.0
2021-03,,11,5,10289.0,3208.6276,6699.0
2021-04,,14,5,8800.0,2849.3583,4463.0
2021-05,,13,8,9447.0,2184.4783,4546.0
2021-06,,14,7,13009.0,2911.5361,4369.0
2021-07,,20,11,21349.0,4433.2881,5056.0
2021-08,,35,10,35620.0,9340.807,5463.0
2021-09,,59,15,55083.0,18977.9464,5855.0
2021-10,,77,19,62856.0,25545.1687,6830.0
2021-11,,58,12,33621.0,11923.5522,6229.0
2021-12,,25,6,16159.0,4663.8559,5617.0
2022-01,,23,8,11244.0,2851.1882,5713.0
2022-02,,15,8,9029.0,2366.7911,4335.0
2022-03,,13,7,9603.0,2598.8767,7246.0
2022-04,,12,5,9781.0,2548.3312,5613.0
2022-05,,14,5,10872.0,1997.5654,4745.0
2022-06,,19,6,15980.0,3072.4912,4053.0
2022-07,,26,7,23568.0,4101.412,6549.0
2022-08,,38,7,34009.0,6089.7509,7663.0
2022-09,,54,10,57125.0,12615.5129,8289.0
2022-10,,65,10,76590.0,19115.2163,8785.0
2022-11,,57,10,74792.0,17743.3223,9289.0
2022-12,,24,6,20815.0,4299.3351,4520.0
2023-01,,19,5,14129.0,3051.7552,4432.0
2023-02,,19,6,15761.0,3130.4701,6233.0
2023-03,,16,5,15308.0,2798.3631,8913.0
2023-04,,14,4,10272.0,1858.0278,5732.0
2023-05,,13,6,18743.0,3090.554,6207.0
2023-06,,27,6,29014.0,3310.0027,5063.0
2023-07,,37,7,72223.0,8340.5954,7516.0
2023-08,,69,11,81651.0,11603.5597,7698.0
2023-09,,99,16,150368.0,19082.9673,6717.0
2023-10,,100,14,85115.0,13542.0717,7616.0
2023-11,,57,10,60939.0,8275.5723,7099.0
2023-12,,28,6,21841.0,3525.8816,7273.0
2024-01,5079.0,21,6,17390.0,2407.4712,5346.0
2024-02,5429.0,16,5,15334.0,2340.3037,7445.0
2024-03,5597.0,14,5,13968.0,1849.6489,6714.0
2024-04,3342.0,12,5,10261.0,1364.129,5552.0
2024-05,5145.0,14,7,14543.0,1592.341,3082.0
2024-06,7499.0,24,7,16505.0,1555.0182,2181.0
2024-07,27675.0,54,12,29905.0,2828.7245,3467.0
2024-08,32388.0,64,13,21251.0,2100.1749,3928.0
2024-09,41375.0,65,11,22844.0,2551.7948,3018.0
2024-10,51183.0,55,9,24239.0,2677.8742,3071.0
2024-11,30354.0,35,9,18976.0,2133.5331,2628.0
2024-12,17359.0,17,6,10532.0,1169.4372,2087.0
2025-01,4700.0,13,5,9411.0,1067.1823,1861.0
2025-02,3806.0,10,5,5840.0,742.0104,2000.0
2025-03,3517.0,10,5,5131.0,655.7098,2355.0
2025-04,2700.0,8,6,4519.0,602.5579,1769.0
2025-05,3766.0,9,6,7995.0,792.1904,1765.0
2025-06,6459.0,13,5,7501.0,791.9278,2450.0
2025-07,10302.0,18,7,7643.0,852.0587,1892.0
2025-08,14303.0,25,7,9983.0,1100.9271,2709.0
2025-09,18803.0,22,7,7044.0,908.633,2730.0
2025-10,22659.0,20,5,6021.0,771.3006,2470.0
2025-11,22175.0,17,7,5358.0,668.6939,2074.0
2025-12,7539.0,10,6,3621.0,488.4914,1760.0
2026-01,3544.0,8,5,2259.0,291.1217,1590.0
2026-02,3019.0,8,6,1960.0,279.3269,1752.0
2026-03,3085.0,7,4,2515.0,358.422,3485.0
2026-04,2918.0,6,8,2432.0,9.8334,3708.0
2026-05,3747.0,6,5,3462.0,,3870.0
2026-06,6625.0,9,5,3449.0,,1886.0
2026-07,,14,100,4063.0,,1372.0
2026-08,,,,111.0,,65.0
