run_time,source_name,status,fetch_mode,rows_fetched,rows_added,rows_updated,expected_languages,successful_languages,error_message
2026-03-31T14:24:38.943933,WHO,SUCCESS,shiny,26,26,0,,,
2026-03-31T14:24:38.943933,google_trends_dengue_fever,SUCCESS,,62,62,0,,,
2026-03-31T14:24:38.943933,google_trends_dengue_vaccine,SUCCESS,,62,62,0,,,
2026-03-31T14:24:38.943933,open_dengue,SUCCESS,,4,4,0,,,
2026-03-31T14:24:38.943933,wiki_dengue,FAILED,,0,0,0,7,0,All language fetches failed — existing values preserved
2026-03-31T14:24:38.943933,wiki_mosquito,FAILED,,0,0,0,5,0,All language fetches failed — existing values preserved
2026-03-31T14:26:06.804158,open_dengue,SUCCESS,,4,4,0,,,
2026-03-31T14:27:15.995192,WHO,SUCCESS,shiny,26,26,0,,,
2026-03-31T14:27:15.995192,google_trends_dengue_fever,SUCCESS,,62,62,0,,,
2026-03-31T14:27:15.995192,google_trends_dengue_vaccine,SUCCESS,,62,62,0,,,
2026-03-31T14:27:15.995192,open_dengue,SUCCESS,,4,0,4,,,
2026-03-31T14:27:15.995192,wiki_dengue,FAILED,,0,0,0,7,0,All language fetches failed — existing values preserved
2026-03-31T14:27:15.995192,wiki_mosquito,FAILED,,0,0,0,5,0,All language fetches failed — existing values preserved
2026-03-31T14:33:28.269089,WHO,SUCCESS,shiny,26,0,26,,,
2026-03-31T14:33:28.269089,google_trends_dengue_fever,SUCCESS,,62,0,62,,,
2026-03-31T14:33:28.269089,google_trends_dengue_vaccine,SUCCESS,,62,0,62,,,
2026-03-31T14:33:28.269089,open_dengue,SUCCESS,,4,0,4,,,
2026-03-31T14:33:28.269089,wiki_dengue,PARTIAL,,63,63,0,7,6,ta
2026-03-31T14:33:28.269089,wiki_mosquito,SUCCESS,,63,63,0,5,5,
2026-04-04T23:28:36.947555,WHO,SUCCESS,shiny,26,0,26,,,
2026-04-04T23:28:36.947555,google_trends_dengue_fever,SUCCESS,,63,1,62,,,
2026-04-04T23:28:36.947555,google_trends_dengue_vaccine,SUCCESS,,63,1,62,,,
2026-04-04T23:28:36.947555,open_dengue,SUCCESS,,4,0,4,,,
2026-04-04T23:28:36.947555,wiki_dengue,PARTIAL,,64,1,63,7,6,ta
2026-04-04T23:28:36.947555,wiki_mosquito,SUCCESS,,64,1,63,5,5,
2026-04-05T03:39:39.500820,WHO,SUCCESS,shiny,26,0,26,,,
2026-04-05T03:39:39.500820,google_trends_dengue_fever,SUCCESS,,63,0,63,,,
2026-04-05T03:39:39.500820,google_trends_dengue_vaccine,SUCCESS,,63,0,63,,,
2026-04-05T03:39:39.500820,open_dengue,SUCCESS,,4,0,4,,,
2026-04-05T03:39:39.500820,wiki_dengue,PARTIAL,,64,0,64,7,6,ta
2026-04-05T03:39:39.500820,wiki_mosquito,SUCCESS,,64,0,64,5,5,
2026-04-20T05:46:38.000786,WHO,SUCCESS,shiny,26,0,26,,,
2026-04-20T05:46:38.000786,google_trends_dengue_fever,SUCCESS,,63,0,63,,,
2026-04-20T05:46:38.000786,google_trends_dengue_vaccine,SUCCESS,,63,0,63,,,
2026-04-20T05:46:38.000786,open_dengue,SUCCESS,,4,0,4,,,
2026-04-20T05:46:38.000786,wiki_dengue,PARTIAL,,64,0,64,7,6,ta
2026-04-20T05:46:38.000786,wiki_mosquito,SUCCESS,,64,0,64,5,5,
2026-05-05T05:48:13.464451,WHO,SUCCESS,shiny,27,1,26,,,
2026-05-05T05:48:13.464451,google_trends_dengue_fever,SUCCESS,,64,1,63,,,
2026-05-05T05:48:13.464451,google_trends_dengue_vaccine,SUCCESS,,64,1,63,,,
2026-05-05T05:48:13.464451,open_dengue,SUCCESS,,4,0,4,,,
2026-05-05T05:48:13.464451,wiki_dengue,PARTIAL,,65,1,64,7,6,ta
2026-05-05T05:48:13.464451,wiki_mosquito,PARTIAL,,65,1,64,5,3,"ml, kn"
2026-05-20T06:53:30.880525,WHO,SUCCESS,shiny,28,1,27,,,
2026-05-20T06:53:30.880525,google_trends_dengue_fever,SUCCESS,,64,0,64,,,
2026-05-20T06:53:30.880525,google_trends_dengue_vaccine,SUCCESS,,64,0,64,,,
2026-05-20T06:53:30.880525,open_dengue,SUCCESS,,4,0,4,,,
2026-05-20T06:53:30.880525,wiki_dengue,PARTIAL,,65,0,65,7,6,ta
2026-05-20T06:53:30.880525,wiki_mosquito,PARTIAL,,65,0,65,5,3,"ml, kn"
2026-06-05T07:13:46.960230,WHO,SUCCESS,shiny,28,0,28,,,
2026-06-05T07:13:46.960230,google_trends_dengue_fever,SUCCESS,,65,1,64,,,
2026-06-05T07:13:46.960230,google_trends_dengue_vaccine,SUCCESS,,65,1,64,,,
2026-06-05T07:13:46.960230,open_dengue,SUCCESS,,4,0,4,,,
2026-06-05T07:13:46.960230,wiki_dengue,PARTIAL,,66,1,65,7,6,ta
2026-06-05T07:13:46.960230,wiki_mosquito,PARTIAL,,66,1,65,5,3,"ml, kn"
2026-06-20T07:04:55.904294,WHO,SUCCESS,shiny,28,0,28,,,
2026-06-20T07:04:55.904294,google_trends_dengue_fever,SUCCESS,,65,0,65,,,
2026-06-20T07:04:55.904294,google_trends_dengue_vaccine,SUCCESS,,65,0,65,,,
2026-06-20T07:04:55.904294,open_dengue,SUCCESS,,4,0,4,,,
2026-06-20T07:04:55.904294,wiki_dengue,PARTIAL,,66,0,66,7,6,ta
2026-06-20T07:04:55.904294,wiki_mosquito,PARTIAL,,66,0,66,5,3,"ml, kn"
2026-07-05T06:46:36.020375,WHO,SUCCESS,shiny,29,1,28,,,
2026-07-05T06:46:36.020375,google_trends_dengue_fever,SUCCESS,,66,1,65,,,
2026-07-05T06:46:36.020375,google_trends_dengue_vaccine,SUCCESS,,66,1,65,,,
2026-07-05T06:46:36.020375,open_dengue,SUCCESS,,4,0,4,,,
2026-07-05T06:46:36.020375,wiki_dengue,PARTIAL,,67,1,66,7,6,ta
2026-07-05T06:46:36.020375,wiki_mosquito,SUCCESS,,67,1,66,5,5,
2026-07-20T06:22:32.581674,WHO,SUCCESS,shiny,29,0,29,,,
2026-07-20T06:22:32.581674,google_trends_dengue_fever,SUCCESS,,66,0,66,,,
2026-07-20T06:22:32.581674,google_trends_dengue_vaccine,SUCCESS,,66,0,66,,,
2026-07-20T06:22:32.581674,open_dengue,SUCCESS,,4,0,4,,,
2026-07-20T06:22:32.581674,wiki_dengue,PARTIAL,,67,0,67,7,6,ta
2026-07-20T06:22:32.581674,wiki_mosquito,SUCCESS,,67,0,67,5,5,
2026-08-05T05:51:01.431249,WHO,SUCCESS,shiny,30,1,29,,,
2026-08-05T05:51:01.431249,google_trends_dengue_fever,SUCCESS,,67,1,66,,,
2026-08-05T05:51:01.431249,google_trends_dengue_vaccine,SUCCESS,,67,1,66,,,
2026-08-05T05:51:01.431249,open_dengue,SUCCESS,,4,0,4,,,
2026-08-05T05:51:01.431249,wiki_dengue,PARTIAL,,68,1,67,7,6,ta
2026-08-05T05:51:01.431249,wiki_mosquito,PARTIAL,,68,1,67,5,3,"ml, kn"
2026-08-20T03:51:26.362027,WHO,SUCCESS,shiny,30,0,30,,,
2026-08-20T03:51:26.362027,google_trends_dengue_fever,SUCCESS,,67,0,67,,,
2026-08-20T03:51:26.362027,google_trends_dengue_vaccine,SUCCESS,,67,0,67,,,
2026-08-20T03:51:26.362027,open_dengue,SUCCESS,,4,0,4,,,
2026-08-20T03:51:26.362027,wiki_dengue,PARTIAL,,68,0,68,7,6,ta
2026-08-20T03:51:26.362027,wiki_mosquito,SUCCESS,,68,0,68,5,5,
2026-09-05T07:33:55.655385,WHO,FAILED,failed,0,0,0,,,All layers failed (mode=failed)
2026-09-05T07:33:55.655385,google_trends_dengue_fever,SUCCESS,,68,1,67,,,
2026-09-05T07:33:55.655385,google_trends_dengue_vaccine,SUCCESS,,68,1,67,,,
2026-09-05T07:33:55.655385,open_dengue,SUCCESS,,4,0,4,,,
2026-09-05T07:33:55.655385,wiki_dengue,PARTIAL,,69,1,68,7,6,ta
2026-09-05T07:33:55.655385,wiki_mosquito,PARTIAL,,69,1,68,5,3,"ml, kn"
2026-09-20T08:27:53.693916,WHO,SUCCESS,shiny,32,2,30,,,
2026-09-20T08:27:53.693916,google_trends_dengue_fever,SUCCESS,,68,0,68,,,
2026-09-20T08:27:53.693916,google_trends_dengue_vaccine,SUCCESS,,68,0,68,,,
2026-09-20T08:27:53.693916,open_dengue,SUCCESS,,4,0,4,,,
2026-09-20T08:27:53.693916,wiki_dengue,PARTIAL,,69,0,69,7,6,ta
2026-09-20T08:27:53.693916,wiki_mosquito,PARTIAL,,69,0,69,5,3,"ml, kn"
